{"text": " \uc790\ub8cc\ub97c", "segments": [{"id": 0, "seek": 0, "start": 0.0, "end": 20.240000000000002, "text": " \uc790\ub8cc\ub97c", "tokens": [50364, 15905, 96, 29039, 51376], "temperature": 1.0, "avg_logprob": -3.4654308954874673, "compression_ratio": 0.5, "no_speech_prob": 0.47613048553466797}], "language": "ko"}